{"LivingRoom":7.816666666666666,"Kitchen":2.433333333333333,"Hottub":20.833333333333332}