{"Kilawatts":5.999999999999999,"Propane-gallons":9.000000000000002}